{
  "project_info": {
    "project_number": "1091501542317",
    "project_id": "project-770e0",
    "storage_bucket": "project-770e0.appspot.com"
  },
  "client": [
    {
      "client_info": {
        "mobilesdk_app_id": "1:1091501542317:android:b7de21df4c504f1a57af24",
        "android_client_info": {
          "package_name": "com.example.project"
        }
      },
      "oauth_client": [
        {
          "client_id": "1091501542317-rsh6pmtbfoqd2ssokr7ck3crd9dk33ga.apps.googleusercontent.com",
          "client_type": 3
        }
      ],
      "api_key": [
        {
          "current_key": "AIzaSyDCwaf5dR5O9nIcbCvZj_tXuAWzEK_GuRE"
        }
      ],
      "services": {
        "appinvite_service": {
          "other_platform_oauth_client": [
            {
              "client_id": "1091501542317-rsh6pmtbfoqd2ssokr7ck3crd9dk33ga.apps.googleusercontent.com",
              "client_type": 3
            }
          ]
        }
      }
    }
  ],
  "configuration_version": "1"
}